time,text_tokens,total_consumed_tokens,total_loss,reduced_llm_loss,reduced_balancing_loss,loss,maxvio,efficient_attn_ratio,grad_norm,max_memory_GB,reserved_memory_GB,tgs,e2e_tgs
61.2452,43049.0,43049.0,1.15880060,1.07939613,0.07940462,0.13051355,5.92290211,0.40147513,2.41592336,71.15,74.81,702.9,697.4
9.8760,48702.0,91751.0,1.25442147,1.17494857,0.07947289,0.15885662,5.88091850,0.48814377,2.39712238,75.92,79.52,4931.4,1281.1
9.5268,33600.0,125351.0,1.22271991,1.14166129,0.08105862,0.11822537,6.23491240,0.50032234,2.33064795,75.92,79.52,3526.9,1543.8
9.5778,49514.0,174865.0,1.26114690,1.18183887,0.07930817,0.13902685,5.82677031,0.49952284,1.85169780,75.92,79.52,5169.7,1925.3
9.4353,47889.0,222754.0,1.23011506,1.15387905,0.07623609,0.13415737,5.71505070,0.47798112,2.80651593,75.92,79.52,5075.5,2219.6
25.9740,48519.0,271273.0,1.13594484,1.05734360,0.07860113,0.12630002,6.11418676,0.48574886,3.59815335,75.92,79.52,1868.0,2146.5
9.3702,33594.0,304867.0,1.28914547,1.21793664,0.07120890,0.15461114,5.14730883,0.50031769,3.81379867,75.92,79.52,3585.2,2245.0
9.3929,33600.0,338467.0,1.17669225,1.10806191,0.06863033,0.13760696,4.81414604,0.50032234,2.05669594,75.92,79.52,3577.2,2330.5
9.3887,33600.0,372067.0,1.40710425,1.34099340,0.06611080,0.14762641,4.31228542,0.50032234,1.98214924,75.92,79.52,3578.8,2405.5
9.1447,41255.0,413322.0,1.11661947,1.05029917,0.06632023,0.12930562,4.13803005,0.44106519,1.72518706,75.92,79.52,4511.4,2522.2
9.2434,58129.0,471451.0,1.15493417,1.09219468,0.06273950,0.13938215,3.94728804,0.41759476,1.52792978,75.92,79.52,6288.7,2722.6
9.2229,44344.0,515795.0,1.10701799,1.04394615,0.06307185,0.13773520,4.23271179,0.44806033,1.20315230,75.92,79.52,4808.0,2827.2
9.3975,33600.0,549395.0,1.16241264,1.09931278,0.06309981,0.11662302,4.15574408,0.50032234,1.74814653,75.92,79.52,3575.4,2863.1
9.2979,45801.0,595196.0,1.18546402,1.12350416,0.06195992,0.11713684,4.16941547,0.45752195,1.16869605,75.92,79.52,4926.0,2957.7
9.2109,44238.0,639434.0,1.13807714,1.07737434,0.06070279,0.11160135,3.97617793,0.44546455,1.33476126,75.92,79.52,4802.8,3037.7
9.5188,48765.0,688199.0,1.05905807,0.99845850,0.06059944,0.14652801,3.82418013,0.48899376,1.00166047,75.92,79.52,5123.0,3127.2
9.4098,33600.0,721799.0,1.02294922,0.96165711,0.06129214,0.11248772,4.04720306,0.50032234,0.85103470,75.92,79.52,3570.8,3144.7
9.3959,35576.0,757375.0,1.06961107,1.00837553,0.06123564,0.19418225,3.90474010,0.47456101,0.89268732,75.92,79.52,3786.3,3169.3
9.4037,33600.0,790975.0,1.02446413,0.96358681,0.06087732,0.13058558,4.03230953,0.50032234,0.90907872,75.92,79.52,3573.0,3183.9
9.4730,48194.0,839169.0,1.10244250,1.04282653,0.05961597,0.11063033,3.61903930,0.48164731,0.66784430,75.92,79.52,5087.5,3253.2
9.1070,57942.0,897111.0,1.06475949,1.00649440,0.05826524,0.11913570,3.36933208,0.38540676,0.67051154,75.92,79.52,6362.4,3358.6
8.8992,45518.0,942629.0,1.01054287,0.95227104,0.05827186,0.14324501,3.33979702,0.38952085,0.66815108,75.92,79.52,5114.8,3414.6
9.3898,47358.0,989987.0,1.05371785,0.99322802,0.06048986,0.13697891,3.71602535,0.47200814,0.68566138,75.92,79.52,5043.6,3467.6
9.3967,33600.0,1023587.0,1.19982171,1.14333963,0.05648201,0.12881608,3.25561500,0.50032234,0.72366130,75.92,79.52,3575.7,3470.4
9.3293,58616.0,1082203.0,1.16520476,1.10941839,0.05578643,0.15111835,3.17736053,0.43360510,0.82229376,75.92,79.52,6283.0,3556.1
9.3783,33426.0,1115629.0,1.02789783,0.96851861,0.05937919,0.11641208,4.01712990,0.50021571,0.63329136,75.92,79.52,3564.2,3555.7
9.5729,49284.0,1164913.0,1.15348852,1.09762466,0.05586398,0.14662606,3.20409393,0.49620113,0.91715008,75.92,79.52,5148.3,3602.3
9.1902,54793.0,1219706.0,1.13158429,1.07531118,0.05627311,0.11788823,3.31147766,0.41897717,0.61402214,75.92,79.52,5962.1,3667.0
9.4152,33600.0,1253306.0,1.09664392,1.03866971,0.05797410,0.09707963,3.89130187,0.50032234,0.66748351,75.92,79.52,3568.7,3663.7
9.3523,46639.0,1299945.0,1.11826801,1.06136978,0.05689815,0.13247222,3.50620651,0.46475750,0.74845147,75.92,79.52,4986.9,3698.4
9.4847,61438.0,1361383.0,1.13176560,1.07624137,0.05552432,0.11400108,3.18244553,0.45149150,0.56742054,75.92,79.54,6477.6,3770.9
9.5525,48910.0,1410293.0,1.09768510,1.04155982,0.05612522,0.11004567,3.32606316,0.49094161,0.65417081,75.92,79.54,5120.1,3805.1
9.4052,47117.0,1457410.0,1.06691039,1.01076710,0.05614319,0.10484410,3.41048193,0.46948007,0.57283902,75.92,79.54,5009.7,3834.4
9.2556,36785.0,1494195.0,1.01908016,0.96215731,0.05692286,0.10786805,3.73541212,0.46241730,0.50768340,75.92,79.54,3974.3,3837.3
9.4014,47092.0,1541287.0,1.01598048,0.96093804,0.05504233,0.11474756,3.29414940,0.46921682,0.53623748,75.92,79.54,5009.1,3864.4
9.5989,49532.0,1590819.0,1.07323003,1.01635087,0.05687898,0.13891673,3.61564445,0.49973887,0.55538285,75.92,79.54,5160.2,3894.4
9.4015,33600.0,1624419.0,1.13360286,1.07814932,0.05545345,0.09024167,3.36159086,0.50032234,0.48674935,75.92,79.54,3573.9,3886.7
9.4001,33600.0,1658019.0,1.03490162,0.97976685,0.05513477,0.12378611,3.31054306,0.50032234,0.51747990,75.92,79.54,3574.4,3879.4
9.3005,45898.0,1703917.0,1.14640212,1.09087765,0.05552434,0.16447692,3.34805179,0.45828834,0.53338295,75.92,79.54,4935.0,3901.4
9.4089,33600.0,1737517.0,0.97781509,0.92134285,0.05647221,0.09917894,3.89714146,0.50032234,0.49905580,75.92,79.54,3571.1,3894.0
9.2699,45341.0,1782858.0,1.07434654,1.01946914,0.05487743,0.12225260,3.13396502,0.45164230,0.50597256,75.92,79.54,4891.2,3913.8
9.2976,45592.0,1828450.0,1.07146406,1.01761484,0.05384914,0.13938749,3.19722438,0.45592117,0.58342767,75.92,79.54,4903.6,3933.2
9.5746,49202.0,1877652.0,1.09726977,1.04309642,0.05417350,0.14041248,3.24080467,0.49471268,0.62891430,75.92,79.54,5138.8,3957.1
9.4034,33600.0,1911252.0,0.94813991,0.89190853,0.05623152,0.09035999,3.66220737,0.50032234,0.49429807,75.92,79.54,3573.2,3949.2
9.4964,48494.0,1959746.0,1.12618411,1.07143879,0.05474526,0.13251047,3.22899675,0.48542476,0.61260617,75.92,79.54,5106.5,3971.1
9.4634,48210.0,2007956.0,1.07347822,1.01965725,0.05382087,0.10676481,2.99647522,0.48136947,0.43787163,75.92,79.54,5094.4,3991.8
9.2975,59313.0,2067269.0,1.00335145,0.94930208,0.05404946,0.14731571,3.15903926,0.42783409,0.48051405,75.92,79.54,6379.5,4034.8
9.0100,53382.0,2120651.0,1.07401752,1.02049267,0.05352458,0.09259331,3.14872718,0.39056075,0.48592597,75.92,79.54,5924.8,4067.0
9.5694,49162.0,2169813.0,1.02393460,0.96892411,0.05501036,0.09169650,3.45047641,0.49443924,0.52249599,75.92,79.54,5137.4,4085.9
9.4633,48084.0,2217897.0,1.09193659,1.03766882,0.05426782,0.12629704,3.18415070,0.48030424,0.53447086,75.92,79.54,5081.1,4103.0
9.2401,44777.0,2262674.0,1.04307640,0.98869050,0.05438578,0.12116177,3.40037537,0.45045102,0.52665621,75.92,79.54,4846.0,4099.4
9.5831,63238.0,2325912.0,1.11089504,1.05685091,0.05404422,0.11887148,3.21515942,0.46958187,0.60670483,75.92,79.54,6598.9,4141.7
9.2663,45118.0,2371030.0,1.01401532,0.95974308,0.05427220,0.12794933,3.34255672,0.45258731,0.48525742,75.92,79.54,4869.1,4153.1
9.1253,49899.0,2420929.0,1.13020515,1.07695854,0.05324670,0.11409953,3.06166601,0.40895811,0.55421048,75.92,79.54,5468.2,4173.4
9.2510,45003.0,2465932.0,0.99563324,0.94182867,0.05380473,0.12491533,3.07867289,0.45184764,0.54703146,75.92,79.54,4864.7,4183.9
9.4082,33600.0,2499532.0,1.04476106,0.98992300,0.05483809,0.13663310,3.52870321,0.50032234,0.45107773,75.92,79.54,3571.3,4174.0
9.4097,33600.0,2533132.0,1.05766821,1.00350082,0.05416739,0.15100649,3.42730761,0.50032234,0.54745424,75.92,79.54,3570.8,4164.3
9.5585,49160.0,2582292.0,1.12991333,1.07740462,0.05250877,0.12041022,2.97990274,0.49407634,0.43859804,75.92,79.54,5143.1,4179.1
9.4022,33600.0,2615892.0,0.96768534,0.91322035,0.05446506,0.10849693,3.38723063,0.50032234,0.47432902,75.92,79.54,3573.6,4169.7
9.3903,59284.0,2675176.0,1.14037251,1.08781350,0.05255884,0.10385750,2.89986324,0.44187528,0.44370463,75.92,79.55,6313.3,4201.0
9.4057,33599.0,2708775.0,1.11406040,1.06087101,0.05318954,0.10043901,3.12567878,0.50032157,0.45519176,75.92,79.55,3572.2,4191.5
9.5931,49411.0,2758186.0,0.96603119,0.91202253,0.05400871,0.10817995,3.35031009,0.49801141,0.45069063,75.92,79.55,5150.7,4205.2
9.3975,33600.0,2791786.0,1.14167607,1.08639634,0.05527959,0.12978531,3.63923693,0.50032234,0.49088240,75.92,79.55,3575.4,4196.0
9.5701,49154.0,2840940.0,1.16228235,1.10959423,0.05268824,0.11993957,2.96889019,0.49432638,0.45636830,75.92,79.55,5136.2,4209.0
9.1608,53687.0,2894627.0,1.07609439,1.02344692,0.05264753,0.13803840,2.96308470,0.41414791,0.40798232,75.92,79.55,5860.5,4230.8
9.1679,39292.0,2933919.0,1.03304887,0.97961098,0.05343786,0.10945490,3.06436825,0.44585872,0.42814624,75.92,79.55,4285.8,4231.2
9.2833,45262.0,2979181.0,1.03262818,0.97900283,0.05362543,0.13852020,3.21331263,0.45355931,0.42334196,75.92,79.55,4875.6,4239.4
9.5443,62760.0,3041941.0,1.04601908,0.99311745,0.05290156,0.14458893,3.11375213,0.46274573,0.39102697,75.92,79.55,6575.6,4270.4
9.3798,36126.0,3078067.0,1.05930018,1.00620651,0.05309363,0.09849473,3.02485371,0.46869975,0.43497762,75.92,79.55,3851.5,4264.7
9.4122,33599.0,3111666.0,1.09129906,1.03781688,0.05348235,0.16544154,3.14901543,0.50032157,0.44860706,75.92,79.55,3569.7,4255.4
9.4060,33598.0,3145264.0,1.13946819,1.08724546,0.05222275,0.13845608,2.89697337,0.50032079,0.43094939,75.92,79.55,3572.0,4246.5
9.3806,47245.0,3192509.0,1.10036159,1.04727125,0.05309042,0.13629654,3.32736945,0.46988073,0.46525672,75.92,79.55,5036.5,4256.1
9.2811,58277.0,3250786.0,1.00574481,0.95397770,0.05176705,0.14580262,2.80439568,0.42667168,0.37195066,75.92,79.55,6279.1,4280.5
9.3981,33600.0,3284386.0,1.01079047,0.95644337,0.05434703,0.12713823,3.51856995,0.50032234,0.51814032,75.92,79.55,3575.2,4271.6
9.3191,45908.0,3330294.0,1.05299127,0.99992168,0.05306972,0.12613377,3.13895321,0.45837298,0.40282294,75.92,79.55,4926.2,4279.2
9.4103,33600.0,3363894.0,1.06648195,1.01318634,0.05329558,0.14699955,3.08375239,0.50032234,0.46730286,75.92,79.55,3570.5,4270.4
9.4083,33600.0,3397494.0,1.02480149,0.97099674,0.05380488,0.10000557,3.44177008,0.50032234,0.43962550,75.92,79.55,3571.3,4261.9
9.1517,41140.0,3438634.0,1.05072141,0.99873459,0.05198679,0.12063334,2.79380226,0.44114810,0.39859888,75.92,79.55,4495.4,4264.3
9.5255,48766.0,3487400.0,1.13670218,1.08476913,0.05193302,0.13257620,2.94312930,0.48899606,0.38679132,75.92,79.55,5119.5,4274.0
9.5982,49565.0,3536965.0,1.09261894,1.04042339,0.05219555,0.13205573,2.96648574,0.50027853,0.40119183,75.92,79.55,5164.0,4284.1
9.1525,40463.0,3577428.0,1.00031877,0.94745195,0.05286684,0.09952389,3.10778332,0.44213262,0.35231373,75.92,79.55,4421.0,4285.3
9.1684,42495.0,3619923.0,0.97823095,0.92554289,0.05268791,0.10681094,2.90522456,0.44173616,0.39952964,75.92,79.55,4635.0,4288.9
9.4109,33600.0,3653523.0,0.94053090,0.88639921,0.05413174,0.08837108,3.58847237,0.50032234,0.43105111,75.92,79.55,3570.3,4280.7
9.5198,48602.0,3702125.0,1.04556847,0.99270922,0.05285916,0.17824176,3.25554609,0.48683798,0.49062696,75.92,79.55,5105.3,4289.5
9.3359,46253.0,3748378.0,1.14894891,1.09771049,0.05123857,0.17714387,2.74638939,0.46124285,0.38816831,75.92,79.55,4954.3,4296.4
9.3643,60425.0,3808803.0,1.11866558,1.06716156,0.05150398,0.10709050,2.88174438,0.43599218,1.54399979,75.92,79.55,6452.7,4319.1
9.6074,63463.0,3872266.0,1.11393142,1.06097746,0.05295395,0.14413252,3.34727550,0.47192329,0.43171710,75.92,79.55,6605.6,4343.5
9.4015,33600.0,3905866.0,1.06938410,1.01663768,0.05274647,0.10591972,3.24071312,0.50032234,0.41222560,75.92,79.55,3573.9,4335.2
9.2264,43914.0,3949780.0,1.00006938,0.94819725,0.05187211,0.10391450,2.90847969,0.44601798,0.41274628,75.92,79.55,4759.6,4339.2
9.4112,33600.0,3983380.0,1.07873726,1.02657592,0.05216134,0.10903437,2.90934825,0.50032234,0.41960111,75.92,79.55,3570.2,4331.1
9.4084,33600.0,4016980.0,0.90503371,0.85066307,0.05437070,0.10372582,3.96335220,0.50032234,0.43954012,75.92,79.55,3571.3,4323.2
9.4112,33596.0,4050576.0,1.01335537,0.96065247,0.05270284,0.15822175,3.23809576,0.50031924,0.40528935,75.92,79.55,3569.8,4315.4
9.4102,33600.0,4084176.0,1.01814187,0.96594226,0.05219972,0.13428450,2.99542022,0.50032234,0.38854551,75.92,79.55,3570.6,4307.8
9.1547,56257.0,4140433.0,1.08910978,1.03779805,0.05131155,0.10875652,2.81832218,0.40936196,0.38992786,75.92,79.55,6145.2,4325.1
9.1148,54827.0,4195260.0,1.13128948,1.07941437,0.05187500,0.12475338,2.68855071,0.40529019,0.45765528,75.92,79.55,6015.1,4340.9
9.4091,33601.0,4228861.0,1.21295881,1.16132557,0.05163312,0.15894832,2.91943049,0.50032312,0.44181120,75.92,79.55,3571.1,4333.2
9.3980,33600.0,4262461.0,1.04530239,0.99235439,0.05294801,0.09466347,3.31632400,0.50032234,0.38102520,75.92,79.55,3575.2,4325.8
9.3999,33600.0,4296061.0,1.07923305,1.02699220,0.05224084,0.11470988,2.96467018,0.50032234,0.40801629,75.92,79.55,3574.5,4318.4
9.4009,33576.0,4329637.0,1.03287363,0.97980797,0.05306563,0.12618162,3.08152556,0.50030428,0.41047978,75.92,79.55,3571.6,4311.2
9.2292,44242.0,4373879.0,1.09336531,1.04170907,0.05165616,0.12708241,2.85395384,0.44754556,0.40585673,75.92,79.55,4793.7,4315.4
9.4164,33599.0,4407478.0,1.26364374,1.21047890,0.05316486,0.16138029,3.02958560,0.50032157,0.42166156,75.92,79.55,3568.1,4307.4
9.3545,46537.0,4454015.0,1.03642905,0.98444605,0.05198300,0.12272867,2.94900870,0.46380329,0.39705843,75.92,79.55,4974.8,4313.3
9.1548,40737.0,4494752.0,0.98470414,0.93242919,0.05227515,0.10660996,2.84062648,0.44163302,0.33263725,75.92,79.55,4449.8,4314.3
9.4759,48281.0,4543033.0,1.16850448,1.11779201,0.05071259,0.13030709,2.50880909,0.48272750,0.42689428,75.92,79.55,5095.2,4321.1
8.9561,51987.0,4595020.0,1.06396341,1.01180518,0.05215821,0.13305807,2.94648623,0.38565683,0.40457401,75.92,79.55,5804.7,4333.4
9.0940,55361.0,4650381.0,1.04599857,0.99398565,0.05201287,0.13262779,2.84674716,0.40055463,0.42223629,75.92,79.55,6087.6,4348.1
9.1925,55768.0,4706149.0,1.09651935,1.04498529,0.05153409,0.10620475,2.87396240,0.41208351,0.38715655,75.92,79.55,6066.7,4362.6
9.3706,46834.0,4752983.0,1.03682113,0.98460346,0.05221752,0.12531544,3.24640250,0.46664679,0.45526001,75.92,79.55,4998.0,4367.8
9.4095,33599.0,4786582.0,1.02004850,0.96806002,0.05198848,0.08853053,2.96257114,0.50032157,0.40757656,75.92,79.55,3570.8,4360.8
9.4022,33600.0,4820182.0,1.15098476,1.09847772,0.05250701,0.13642778,3.08195877,0.50032234,0.46208787,75.92,79.55,3573.6,4353.9
9.4394,49468.0,4869650.0,0.98918998,0.93686348,0.05232645,0.14245646,3.03791237,0.47454768,0.42492178,75.92,79.55,5240.6,4361.2
9.5561,49103.0,4918753.0,1.04019105,0.98899114,0.05120001,0.14342758,2.74453497,0.49360976,0.39156291,75.92,79.55,5138.4,4367.6
9.4096,33600.0,4952353.0,1.03952122,0.98663896,0.05288231,0.10738275,3.31495094,0.50032234,0.37720358,75.92,79.55,3570.8,4360.8
9.4085,33554.0,4985907.0,1.06057358,1.00908101,0.05149252,0.13529530,2.87566900,0.50028867,0.44569233,75.92,79.55,3566.4,4354.1
9.1055,58324.0,5044231.0,1.15430164,1.10347843,0.05082324,0.19809982,2.68806911,0.39884663,0.34032875,75.92,79.55,6405.4,4370.1
9.4792,52113.0,5096344.0,1.09781480,1.04702771,0.05078698,0.12536812,2.77818155,0.46676975,0.36752796,75.92,79.55,5497.6,4379.1
9.1531,40168.0,5136512.0,1.03783715,0.98592722,0.05190987,0.14224535,2.78124428,0.44282934,0.37956792,75.92,79.55,4388.5,4379.0
9.2198,37195.0,5173707.0,1.10408926,1.05182731,0.05226206,0.15422380,2.85206127,0.45887166,0.38145715,75.92,79.55,4034.3,4376.1
9.4587,61502.0,5235209.0,1.10453415,1.05307281,0.05146139,0.12069604,3.00351906,0.44836581,0.33202508,75.92,79.55,6502.2,4392.8
9.4017,33599.0,5268808.0,0.93244278,0.87956434,0.05287835,0.11283724,3.02849579,0.50032157,0.36403540,75.92,79.55,3573.7,4386.2
9.1845,42960.0,5311768.0,0.98696923,0.93507302,0.05189612,0.09937059,2.70194578,0.44272617,0.37486091,75.92,79.55,4677.4,4388.2
9.4054,33600.0,5345368.0,1.05922341,1.00780118,0.05142224,0.09227492,3.00570846,0.50032234,0.38063842,75.92,79.55,3572.4,4381.7
9.3976,33600.0,5378968.0,0.98931968,0.93706316,0.05225650,0.13174742,3.27141261,0.50032234,0.37059429,75.92,79.55,3575.4,4375.4
9.3178,46131.0,5425099.0,1.00626254,0.95431721,0.05194520,0.13249618,2.76957679,0.46021116,0.37778974,75.92,79.55,4950.8,4379.5
9.2716,45205.0,5470304.0,1.00293005,0.95119369,0.05173647,0.12911409,2.91955519,0.45317188,0.36898881,75.92,79.55,4875.7,4383.0
9.5410,48889.0,5519193.0,1.07748020,1.02633810,0.05114215,0.14883879,2.87328029,0.49015459,0.36148670,75.92,79.55,5124.1,4388.5
9.1578,39752.0,5558945.0,0.99530876,0.94335121,0.05195755,0.12254994,3.04023623,0.44409153,0.35640952,75.92,79.55,4340.8,4388.0
9.5669,50595.0,5609540.0,1.09251416,1.04166126,0.05085286,0.11343740,2.86321926,0.47814071,0.36122715,75.92,79.55,5288.5,4394.6
9.4132,33600.0,5643140.0,1.04022408,0.98881108,0.05141294,0.10085690,3.12087989,0.50032234,0.39460400,75.92,79.55,3569.5,4388.3
9.2677,45008.0,5688148.0,0.95651567,0.90472853,0.05178702,0.10095787,3.04271507,0.45187953,0.37320101,75.92,79.55,4856.4,4391.5
9.3111,45837.0,5733985.0,0.98895943,0.93764836,0.05131113,0.12637019,3.00510597,0.45780164,0.34380162,75.92,79.55,4922.8,4395.1
9.4110,33600.0,5767585.0,0.88049531,0.82803822,0.05245706,0.10540214,3.38526034,0.50032234,0.36897582,75.92,79.55,3570.3,4389.1
9.3362,59922.0,5827507.0,0.98910213,0.93824852,0.05085370,0.10368677,2.78465033,0.43420425,0.35959315,75.92,79.55,6418.3,4403.2
9.4035,33600.0,5861107.0,1.07114720,1.02005386,0.05109322,0.10918545,2.97256804,0.50032234,0.37694794,75.92,79.55,3573.1,4397.2
9.4095,33598.0,5894705.0,0.99284250,0.94026387,0.05257860,0.14147052,3.50185776,0.50032079,0.36019829,75.92,79.55,3570.7,4391.2
9.4122,47329.0,5942034.0,1.02370989,0.97258478,0.05112508,0.13208897,2.77760553,0.47169420,0.37221813,75.92,79.55,5028.5,4395.5
9.2566,44818.0,5986852.0,1.05837870,1.00747979,0.05089876,0.14686711,2.72359896,0.45070681,0.38952968,75.92,79.55,4841.7,4398.4
8.9978,53453.0,6040305.0,1.07186317,1.02165735,0.05020582,0.12923539,2.63455153,0.38950583,0.34494951,75.92,79.55,5940.7,4408.3
9.4036,33600.0,6073905.0,0.94168425,0.89017493,0.05150929,0.11971508,3.01656413,0.50032234,0.37766495,75.92,79.55,3573.1,4402.5
9.3343,54780.0,6128685.0,1.08185101,1.03172255,0.05012851,0.09884933,2.46527815,0.44063070,0.33561516,75.92,79.55,5868.7,4412.2
9.4043,33600.0,6162285.0,1.15882444,1.10717857,0.05164582,0.11638495,3.16253805,0.50032234,0.37794498,75.92,79.55,3572.9,4406.4
9.5304,48780.0,6211065.0,1.02473450,0.97295380,0.05178067,0.13493758,3.17057896,0.48918200,0.34077775,75.92,79.55,5118.3,4411.0
9.6996,64532.0,6275597.0,1.09563911,1.04574478,0.04989448,0.13347606,2.64484739,0.48613504,0.31400251,75.92,79.55,6653.1,4426.2
9.3981,33600.0,6309197.0,1.03918338,0.98796743,0.05121589,0.10032993,2.72336078,0.50032234,0.36889997,75.92,79.55,3575.2,4420.5
9.2420,44485.0,6353682.0,1.09547758,1.04507434,0.05040329,0.13878478,2.63298368,0.44878268,0.34699729,75.92,79.55,4813.4,4422.8
9.5940,49323.0,6403005.0,1.01137996,0.95972300,0.05165703,0.10910682,2.92317915,0.49673575,0.30665669,75.92,79.55,5141.0,4427.4
9.3131,53356.0,6456361.0,1.05538654,1.00472510,0.05066139,0.12635405,2.72105289,0.43976846,0.32643813,75.92,79.55,5729.2,4435.6
9.0626,55069.0,6511430.0,1.01413119,0.96289718,0.05123407,0.11345603,2.90386868,0.39608538,0.44982135,75.92,79.55,6076.5,4445.6
9.4179,47606.0,6559036.0,0.95202029,0.90049416,0.05152604,0.12411305,3.22923231,0.47475591,0.33226338,75.92,79.55,5054.8,4449.4
9.4093,33600.0,6592636.0,1.01430547,0.96346623,0.05083921,0.10705977,2.90941429,0.50032234,0.37178028,75.92,79.55,3570.9,4443.6
9.3980,33600.0,6626236.0,0.98834503,0.93697935,0.05136552,0.12061830,3.23337317,0.50032234,0.36477935,75.92,79.55,3575.2,4437.3
9.2483,44722.0,6670958.0,0.95879388,0.90787685,0.05091712,0.11071892,2.85603023,0.45013195,0.34136274,75.92,79.55,4835.7,4439.6
9.6592,64084.0,6735042.0,0.98947024,0.93908799,0.05038214,0.12895498,2.79282808,0.48015556,0.31647322,75.92,79.55,6634.5,4453.5
9.4673,48054.0,6783096.0,1.21860254,1.16797078,0.05063171,0.14995874,2.83506107,0.47994405,0.37441975,75.92,79.55,5075.8,4457.2
9.2581,45281.0,6828377.0,0.98329294,0.93118870,0.05210411,0.09130786,3.16691089,0.45370543,0.33810547,75.92,79.55,4891.0,4459.7
9.5981,49418.0,6877795.0,1.06468379,1.01389182,0.05079201,0.12573299,2.74520111,0.49811351,0.32112759,75.92,79.55,5148.7,4463.9
9.4067,33601.0,6911396.0,1.06874764,1.01778746,0.05096015,0.15301695,3.01520228,0.50032312,0.34385476,75.92,79.55,3572.0,4458.3
9.2679,51110.0,6962506.0,1.05013311,0.99972445,0.05040864,0.11405402,2.41730356,0.43878278,0.32284728,75.92,79.55,5514.7,4464.4
9.4012,33600.0,6996106.0,1.31823087,1.26679695,0.05143419,0.15436503,3.19884634,0.50032234,0.35722634,75.92,79.55,3574.0,4459.0
9.2380,58351.0,7054457.0,1.13072300,1.08063662,0.05008643,0.14163817,2.58941460,0.41777605,0.36338830,75.92,79.55,6316.4,4469.7
8.9586,44807.0,7099264.0,1.00540447,0.95437771,0.05102668,0.11317795,2.80209422,0.39809030,0.29923964,75.92,79.55,5001.6,4472.6
9.5030,48595.0,7147859.0,1.00923800,0.95878547,0.05045253,0.12260114,2.86254835,0.48673591,0.38011274,75.92,79.55,5113.6,4476.2
9.4098,33600.0,7181459.0,1.07686758,1.02709019,0.04977733,0.13895261,2.53721833,0.50032234,0.37301666,75.92,79.55,3570.7,4470.8
9.3598,49219.0,7230678.0,1.05566370,1.00573432,0.04992932,0.09206805,2.56837702,0.44394472,0.35105050,75.92,79.55,5258.5,4475.2
9.4094,33600.0,7264278.0,1.04315412,0.99204534,0.05110873,0.09610868,3.04721403,0.50032234,0.37964809,75.92,79.55,3570.9,4469.8
9.5791,49325.0,7313603.0,1.03078759,0.97998762,0.05080000,0.11392748,2.93762398,0.49653980,0.31157151,75.92,79.55,5149.2,4473.7
9.3998,33600.0,7347203.0,1.01695240,0.96512979,0.05182266,0.09906248,3.32893848,0.50032234,0.39071348,75.92,79.55,3574.5,4468.4
9.1745,42033.0,7389236.0,0.97884953,0.92783886,0.05101066,0.12746052,2.89729452,0.44115144,0.29928344,75.92,79.55,4581.5,4468.9
9.4057,33603.0,7422839.0,1.19713020,1.14712703,0.05000314,0.17457512,2.49885416,0.50032467,0.35617226,75.92,79.55,3572.6,4463.7
9.3681,46917.0,7469756.0,1.11055839,1.06061268,0.04994566,0.13331524,2.64472437,0.46745592,0.35306987,75.92,79.55,5008.2,4466.6
9.2252,44384.0,7514140.0,0.98719084,0.93567944,0.05151138,0.13221058,2.80548811,0.44827309,0.34060997,75.92,79.55,4811.2,4468.4
9.3745,47087.0,7561227.0,1.05609405,1.00575125,0.05034282,0.14826855,2.85545230,0.46916223,0.37093875,75.92,79.55,5022.9,4471.3
9.4091,33600.0,7594827.0,0.91691864,0.86540180,0.05151675,0.11060205,2.79235506,0.50032234,0.32589519,75.92,79.55,3571.0,4466.2
9.3292,46230.0,7641057.0,1.08331394,1.03221369,0.05110019,0.11687069,2.70236969,0.46106264,0.40388837,75.92,79.55,4955.4,4468.7
9.1958,43256.0,7684313.0,1.06669652,1.01592159,0.05077498,0.16827613,2.91055751,0.44357079,0.33024931,75.92,79.55,4703.9,4469.8
9.2110,56462.0,7740775.0,1.02113760,0.97099304,0.05014455,0.13027059,2.72249413,0.41895604,0.34954897,75.92,79.55,6129.8,4478.6
9.4031,33600.0,7774375.0,1.02833915,0.97776890,0.05057023,0.07858239,3.09835124,0.50032234,0.38999206,75.92,79.55,3573.3,4473.5
8.9083,47798.0,7822173.0,1.06286693,1.01271439,0.05015245,0.12110630,2.58302855,0.38457024,0.35695294,75.92,79.55,5365.5,4478.0
9.5966,49546.0,7871719.0,1.10474539,1.05481350,0.04993174,0.14097661,2.68604732,0.49999642,0.39886555,75.92,79.55,5162.9,4481.6
9.5746,49217.0,7920936.0,1.03288960,0.98244900,0.05044056,0.12017015,2.96364284,0.49521834,0.35918087,75.92,79.55,5140.4,4485.0
9.4103,33600.0,7954536.0,0.99470431,0.94387239,0.05083194,0.07787034,3.02995205,0.50032234,0.34958088,75.92,79.55,3570.5,4480.0
8.9754,54151.0,8008687.0,1.03488731,0.98438251,0.05050492,0.15194356,2.76947355,0.36915153,0.31575084,75.92,79.55,6033.3,4487.7
9.3931,47395.0,8056082.0,1.08211374,1.03172100,0.05039271,0.13904649,2.75634146,0.47240731,0.30371422,75.92,79.55,5045.7,4490.5
9.3998,33600.0,8089682.0,1.06968737,1.01916373,0.05052371,0.09904461,2.91032839,0.50032234,0.38142803,75.92,79.55,3574.5,4485.6
9.2654,44842.0,8134524.0,1.15916455,1.10848987,0.05067480,0.14685732,2.74414062,0.45084664,0.28158259,75.92,79.55,4839.7,4487.3
9.1747,42609.0,8177133.0,1.09190989,1.04188156,0.05002830,0.12494881,2.37985086,0.44194162,0.35689443,75.92,79.55,4644.2,4488.0
9.4086,33600.0,8210733.0,1.00516772,0.95480102,0.05036664,0.10336298,3.00936556,0.50032234,0.32581729,75.92,79.55,3571.2,4483.1
9.3994,33600.0,8244333.0,1.18314135,1.13270009,0.05044118,0.11899658,2.97365046,0.50032234,0.41997898,75.92,79.55,3574.7,4478.4
9.5602,49214.0,8293547.0,1.03218472,0.98093134,0.05125332,0.11382116,2.62789178,0.49486977,0.30290416,75.92,79.55,5147.8,4481.7
9.1976,43547.0,8337094.0,1.07886112,1.02892590,0.04993521,0.18006164,2.54569674,0.44455099,0.31341061,75.92,79.55,4734.6,4482.8
9.4032,47641.0,8384735.0,1.08313990,1.03299630,0.05014345,0.16353260,2.55702662,0.47512355,0.32397822,75.92,79.55,5066.5,4485.7
9.2121,43838.0,8428573.0,1.02448225,0.97411823,0.05036402,0.08983144,2.58682251,0.44569701,0.28141215,75.92,79.55,4758.7,4486.9
9.3962,33600.0,8462173.0,0.93017185,0.87839174,0.05178008,0.13050981,3.40183735,0.50032234,0.30206516,75.92,79.55,3575.9,4482.2
9.4215,61127.0,8523300.0,0.95204562,0.90206867,0.04997688,0.12150866,2.76628470,0.44721955,0.31062415,75.92,79.55,6488.0,4492.1
9.4889,48406.0,8571706.0,1.02454638,0.97449100,0.05005547,0.11316833,2.74968481,0.48430118,0.30050170,75.92,79.55,5101.3,4495.0
9.3742,46686.0,8618392.0,1.05881214,1.00909793,0.04971420,0.10996381,2.57426476,0.46520203,0.27822307,75.92,79.55,4980.3,4497.2
9.4047,33599.0,8651991.0,1.02666271,0.97597355,0.05068922,0.14672625,3.04746509,0.50032157,0.34424207,75.92,79.55,3572.6,4492.6
